Workbook

Sheet Dashboard
A1: Court Ready™ · Dashboard
A2: Fills itself from the other tabs. Never type here.
A4: YOUR RECORD AT A GLANCE
A5: Total events documented | B5: =COUNTA('Event Index'!A5:A1000) | C5: Exhibits logged | D5: =COUNTA('Exhibit Index'!A5:A1000)
A6: Events with an exhibit | B6: =COUNTIF('Event Index'!R5:R1000,"Yes") | C6: Reimbursable expenses ($) | D6: =SUM(Expense!G5:G1000)
A7: Parent B notified (Yes) | B7: =COUNTIF('Event Index'!I5:I1000,"Yes") | C7: Open follow-ups | D7: =COUNTIF('Event Index'!L5:L1000,"Yes")
A9: COVERAGE BY BEST-INTERESTS FACTOR | B9: Primary + Also
A10: ST — Stability & Routine | B10: =COUNTIF('Event Index'!$P$5:$P$1000,"ST — Stability & Routine")+COUNTIF('Event Index'!$Q$5:$Q$1000,"ST — Stability & Routine")
A11: PI — Parental Involvement | B11: =COUNTIF('Event Index'!$P$5:$P$1000,"PI — Parental Involvement")+COUNTIF('Event Index'!$Q$5:$Q$1000,"PI — Parental Involvement")
A12: HS — Health & Safety | B12: =COUNTIF('Event Index'!$P$5:$P$1000,"HS — Health & Safety")+COUNTIF('Event Index'!$Q$5:$Q$1000,"HS — Health & Safety")
A13: CC — Co-Parenting Conduct | B13: =COUNTIF('Event Index'!$P$5:$P$1000,"CC — Co-Parenting Conduct")+COUNTIF('Event Index'!$Q$5:$Q$1000,"CC — Co-Parenting Conduct")
A14: EW — Emotional Wellbeing | B14: =COUNTIF('Event Index'!$P$5:$P$1000,"EW — Emotional Wellbeing")+COUNTIF('Event Index'!$Q$5:$Q$1000,"EW — Emotional Wellbeing")
A15: ED — Education | B15: =COUNTIF('Event Index'!$P$5:$P$1000,"ED — Education")+COUNTIF('Event Index'!$Q$5:$Q$1000,"ED — Education")
A16: FS — Financial Support | B16: =COUNTIF('Event Index'!$P$5:$P$1000,"FS — Financial Support")+COUNTIF('Event Index'!$Q$5:$Q$1000,"FS — Financial Support")
A17: PF — Parental Fitness | B17: =COUNTIF('Event Index'!$P$5:$P$1000,"PF — Parental Fitness")+COUNTIF('Event Index'!$Q$5:$Q$1000,"PF — Parental Fitness")
A19: A factor showing 0–1 is thin coverage — that's where to document next (Manual, Part 4).
A21: Court Ready™ · Custody Documentation Intelligence System · Vejovis Intelligence Co.™ — organizational framework, not legal advice.

Sheet Event Index
A1: Court Ready™ · Event Index
A2: The spine of your case — one row per event. Paste the row the Case Record Form generates, or type it. Columns match the form exactly.
A3: SAMPLE DATA — a lived-in example for reference. Your real workbook starts empty; delete these rows to begin.
A4: Event ID | B4: Date | C4: Time | D4: Event Type | E4: Location | F4: Children Present | G4: Who Was Present | H4: Witnesses | I4: Parent B Notified | J4: Method | K4: Notification Time | L4: Follow-Up Needed | M4: Follow-Up Action | N4: Follow-Up By | O4: Summary — facts only | P4: Primary Factor | Q4: Also Supports | R4: Exhibit Attached | S4: Event Folder Name
A5: EVT-0001 | B5: 2026-07-18 | C5: 5:00 PM | D5: Exchange | E5: Exchange point — Parent A residence | F5: Emma | G5: Parent A; Parent B; Emma | H5: None | I5: Yes | J5: Text | K5: 5:26 PM | L5: No | O5: Exchange scheduled 5:00 PM per court order. Parent B arrived 5:22 PM, no prior notice. Children transferred 5:25 PM. | P5: CC — Co-Parenting Conduct | R5: Yes | S5: EVT-0001_2026-07-18_Exchange
A6: EVT-0002 | B6: 2026-07-19 | C6: 2:30 PM | D6: Medical | E6: Pediatric clinic — Dr. Patel | F6: Emma | G6: Parent A; Emma | H6: None | I6: Yes | J6: Co-Parenting App | K6: 3:05 PM | L6: No | O6: Well-child visit. Provider advised continue current care; next visit in 6 months. Co-pay $25. | P6: HS — Health & Safety | R6: Yes | S6: EVT-0002_2026-07-19_Medical
A7: EVT-0003 | B7: 2026-07-24 | C7: 4:12 PM | D7: Communication | E7: Co-parenting app | F7: Emma | G7: Parent A; Parent B | H7: None | I7: N/A | J7: Co-Parenting App | L7: Yes | M7: Await Parent B response re: Friday swap | N7: 2026-07-26 | O7: Parent A requested a one-time Friday exchange change to 6:00 PM. Message sent 4:12 PM. No response by follow-up date. | P7: CC — Co-Parenting Conduct | R7: Yes | S7: EVT-0003_2026-07-24_Communication
A8: EVT-0004 | B8: 2026-07-25 | C8: 5:00 PM | D8: Exchange | E8: Exchange point — Parent A residence | F8: Emma | G8: Parent A; Parent B; Emma | H8: None | I8: Yes | J8: Text | K8: 5:02 PM | L8: No | O8: Exchange completed on time at 5:00 PM. Both parents present. No issues. | P8: ST — Stability & Routine | R8: No | S8: EVT-0004_2026-07-25_Exchange
A9: EVT-0005 | B9: 2026-08-01 | C9: 5:00 PM | D9: Exchange | E9: Exchange point — Parent A residence | F9: Emma | G9: Parent A; Parent B; Emma | H9: Jane Neighbor | I9: Yes | J9: Text | K9: 5:40 PM | L9: Yes | M9: Log with attorney | N9: 2026-08-04 | O9: Exchange scheduled 5:00 PM. Parent B arrived 5:35 PM, no prior notice. Child visibly upset. Transferred 5:38 PM. | P9: CC — Co-Parenting Conduct | Q9: EW — Emotional Wellbeing | R9: Yes | S9: EVT-0005_2026-08-01_Exchange
A10: EVT-0006 | B10: 2026-08-05 | C10: 3:30 PM | D10: School | E10: Lincoln Elementary — Ms. Rivera | F10: Emma | G10: Parent A | H10: None | I10: Yes | J10: Email | K10: 4:00 PM | L10: No | O10: Parent-teacher conference. Emma reading above grade level. Both parents invited; Parent A attended, Parent B did not. | P10: ED — Education | Q10: PI — Parental Involvement | R10: Yes | S10: EVT-0006_2026-08-05_School
A11: EVT-0007 | B11: 2026-08-08 | D11: Expense | E11: — | F11: Emma | G11: Parent A | H11: None | I11: Yes | J11: Co-Parenting App | L11: Yes | M11: Request 50% reimbursement | N11: 2026-08-22 | O11: Fall soccer registration fee $120 paid by Parent A. Reimbursement request sent to Parent B per order (activities split 50/50). | P11: FS — Financial Support | R11: Yes | S11: EVT-0007_2026-08-08_Expense
A12: EVT-0008 | B12: 2026-08-12 | C12: 6:15 PM | D12: Incident | E12: Parent A residence | F12: Emma | G12: Parent A; Emma | H12: None | I12: Yes | J12: Text | K12: 6:40 PM | L12: Yes | M12: Confirm inhaler returned | N12: 2026-08-13 | O12: Emma returned from Parent B without her asthma inhaler. Parent A notified Parent B 6:40 PM requesting return. Inhaler returned at next exchange. | P12: HS — Health & Safety | R12: Yes | S12: EVT-0008_2026-08-12_Incident
A13: EVT-0009 | B13: 2026-08-15 | C13: 5:00 PM | D13: Exchange | E13: Exchange point — Parent A residence | F13: Emma | G13: Parent A; Parent B; Emma | H13: None | I13: Yes | J13: Text | K13: 5:20 PM | L13: No | O13: Exchange scheduled 5:00 PM. Parent B arrived 5:18 PM, no prior notice. Transferred 5:19 PM. | P13: CC — Co-Parenting Conduct | R13: No | S13: EVT-0009_2026-08-15_Exchange
A14: EVT-0010 | B14: 2026-08-20 | C14: 10:00 AM | D14: Decision | E14: Phone | F14: Emma | G14: Parent A; Parent B | H14: None | I14: Yes | J14: Phone Call | K14: 10:30 AM | L14: No | O14: Both parents agreed by phone to an orthodontist consultation for Emma. Cost to be split 50/50 per order. Consult booked for September. | P14: HS — Health & Safety | Q14: FS — Financial Support | R14: No | S14: EVT-0010_2026-08-20_Decision

Sheet Exhibit Index
A1: Court Ready™ · Exhibit Index
A2: One row per piece of evidence. Event ID ties it to its event — click ↦ to jump there.
A3: SAMPLE DATA — a lived-in example for reference. Your real workbook starts empty; delete these rows to begin.
A4: Exhibit ID | B4: Event ID | C4: ↦ | D4: Date | E4: Evidence Type | F4: Description — facts only | G4: Court-Ready File Name | H4: Original File Name | I4: Primary Storage | J4: Backup Storage | K4: Status
A5: EX-0001 | B5: EVT-0001 | C5: =IFERROR(HYPERLINK("#'Event Index'!A"&(MATCH($B5,'Event Index'!$A$5:$A$1000,0)+4),"↦"),"") | D5: 2026-07-18 | E5: Screenshot | F5: Text thread Parent A↔Parent B, 4:12–4:38 PM, re: Friday exchange time. | G5: EVT-0001_2026-07-18_Exchange_ExA_Screenshot.png | H5: IMG_4821.PNG | I5: Event folder / Exhibits | J5: Cloud backup | K5: Final
A6: EX-0002 | B6: EVT-0002 | C6: =IFERROR(HYPERLINK("#'Event Index'!A"&(MATCH($B6,'Event Index'!$A$5:$A$1000,0)+4),"↦"),"") | D6: 2026-07-19 | E6: Document | F6: Visit summary from Dr. Patel — well-child exam and provider instructions. | G6: EVT-0002_2026-07-19_Medical_ExA_Document.pdf | H6: visit_summary.pdf | I6: Event folder / Exhibits | J6: Cloud backup | K6: Final
A7: EX-0003 | B7: EVT-0003 | C7: =IFERROR(HYPERLINK("#'Event Index'!A"&(MATCH($B7,'Event Index'!$A$5:$A$1000,0)+4),"↦"),"") | D7: 2026-07-24 | E7: Screenshot | F7: Co-parenting app message requesting Friday time change; no response logged. | G7: EVT-0003_2026-07-24_Communication_ExA_Screenshot.png | H7: app_msg.png | I7: Event folder / Exhibits | J7: Cloud backup | K7: Final
A8: EX-0004 | B8: EVT-0005 | C8: =IFERROR(HYPERLINK("#'Event Index'!A"&(MATCH($B8,'Event Index'!$A$5:$A$1000,0)+4),"↦"),"") | D8: 2026-08-01 | E8: Photo | F8: Timestamped photo of exchange-point clock showing 5:35 PM arrival. | G8: EVT-0005_2026-08-01_Exchange_ExA_Photo.png | H8: IMG_5012.HEIC | I8: Event folder / Exhibits | J8: Cloud backup | K8: Final
A9: EX-0005 | B9: EVT-0006 | C9: =IFERROR(HYPERLINK("#'Event Index'!A"&(MATCH($B9,'Event Index'!$A$5:$A$1000,0)+4),"↦"),"") | D9: 2026-08-05 | E9: Document | F9: Emailed conference summary from Ms. Rivera. | G9: EVT-0006_2026-08-05_School_ExA_Document.pdf | H9: conf_email.pdf | I9: Event folder / Exhibits | J9: Cloud backup | K9: Final
A10: EX-0006 | B10: EVT-0007 | C10: =IFERROR(HYPERLINK("#'Event Index'!A"&(MATCH($B10,'Event Index'!$A$5:$A$1000,0)+4),"↦"),"") | D10: 2026-08-08 | E10: Receipt | F10: Soccer registration receipt, $120, paid by Parent A. | G10: EVT-0007_2026-08-08_Expense_ExA_Receipt.pdf | H10: receipt_soccer.pdf | I10: Event folder / Exhibits | J10: Cloud backup | K10: Final
A11: EX-0007 | B11: EVT-0008 | C11: =IFERROR(HYPERLINK("#'Event Index'!A"&(MATCH($B11,'Event Index'!$A$5:$A$1000,0)+4),"↦"),"") | D11: 2026-08-12 | E11: Screenshot | F11: Text to Parent B requesting return of asthma inhaler, 6:40 PM. | G11: EVT-0008_2026-08-12_Incident_ExA_Screenshot.png | H11: IMG_5140.PNG | I11: Event folder / Exhibits | J11: Cloud backup | K11: Final
C12: =IFERROR(HYPERLINK("#'Event Index'!A"&(MATCH($B12,'Event Index'!$A$5:$A$1000,0)+4),"↦"),"")
C13: =IFERROR(HYPERLINK("#'Event Index'!A"&(MATCH($B13,'Event Index'!$A$5:$A$1000,0)+4),"↦"),"")
C14: =IFERROR(HYPERLINK("#'Event Index'!A"&(MATCH($B14,'Event Index'!$A$5:$A$1000,0)+4),"↦"),"")
C15: =IFERROR(HYPERLINK("#'Event Index'!A"&(MATCH($B15,'Event Index'!$A$5:$A$1000,0)+4),"↦"),"")
C16: =IFERROR(HYPERLINK("#'Event Index'!A"&(MATCH($B16,'Event Index'!$A$5:$A$1000,0)+4),"↦"),"")
C17: =IFERROR(HYPERLINK("#'Event Index'!A"&(MATCH($B17,'Event Index'!$A$5:$A$1000,0)+4),"↦"),"")
C18: =IFERROR(HYPERLINK("#'Event Index'!A"&(MATCH($B18,'Event Index'!$A$5:$A$1000,0)+4),"↦"),"")
C19: =IFERROR(HYPERLINK("#'Event Index'!A"&(MATCH($B19,'Event Index'!$A$5:$A$1000,0)+4),"↦"),"")
C20: =IFERROR(HYPERLINK("#'Event Index'!A"&(MATCH($B20,'Event Index'!$A$5:$A$1000,0)+4),"↦"),"")
C21: =IFERROR(HYPERLINK("#'Event Index'!A"&(MATCH($B21,'Event Index'!$A$5:$A$1000,0)+4),"↦"),"")
C22: =IFERROR(HYPERLINK("#'Event Index'!A"&(MATCH($B22,'Event Index'!$A$5:$A$1000,0)+4),"↦"),"")
C23: =IFERROR(HYPERLINK("#'Event Index'!A"&(MATCH($B23,'Event Index'!$A$5:$A$1000,0)+4),"↦"),"")
... C120: =IFERROR(HYPERLINK("#'Event Index'!A"&(MATCH($B120,'Event Index'!$A$5:$A$1000,0)+4),"↦"),"")

Sheet Communication Log
A1: Court Ready™ · Communication Log
A2: Every message to or from Parent B. Key Quote is what an attorney reads first — keep it verbatim.
A3: SAMPLE DATA — a lived-in example for reference. Your real workbook starts empty; delete these rows to begin.
A4: Date | B4: Time | C4: Event ID | D4: ↦ | E4: Method | F4: Direction | G4: Other Party | H4: Topic | I4: Key Quote | J4: Response Received | K4: Exhibit
A5: 2026-07-18 | B5: 5:26 PM | C5: EVT-0001 | D5: =IFERROR(HYPERLINK("#'Event Index'!A"&(MATCH($C5,'Event Index'!$A$5:$A$1000,0)+4),"↦"),"") | E5: Text | F5: Sent to Parent B | G5: Parent B | H5: Confirmed transfer | I5: "Emma is home safe, transfer completed 5:25." | J5: No | K5: Yes
A6: 2026-07-24 | B6: 4:12 PM | C6: EVT-0003 | D6: =IFERROR(HYPERLINK("#'Event Index'!A"&(MATCH($C6,'Event Index'!$A$5:$A$1000,0)+4),"↦"),"") | E6: Co-Parenting App | F6: Sent to Parent B | G6: Parent B | H6: Requested Friday time change | I6: "Can we move Friday's exchange to 6 PM this week?" | J6: No | K6: Yes
A7: 2026-08-01 | B7: 5:40 PM | C7: EVT-0005 | D7: =IFERROR(HYPERLINK("#'Event Index'!A"&(MATCH($C7,'Event Index'!$A$5:$A$1000,0)+4),"↦"),"") | E7: Text | F7: Sent to Parent B | G7: Parent B | H7: Noted late arrival | I7: "You arrived 5:35 with no notice; Emma was upset." | J7: No | K7: Yes
A8: 2026-08-08 | B8: 9:15 AM | C8: EVT-0007 | D8: =IFERROR(HYPERLINK("#'Event Index'!A"&(MATCH($C8,'Event Index'!$A$5:$A$1000,0)+4),"↦"),"") | E8: Co-Parenting App | F8: Sent to Parent B | G8: Parent B | H8: Reimbursement request | I8: "Soccer registration was $120; your half is $60 per our order." | J8: Partial | K8: Yes
A9: 2026-08-12 | B9: 6:40 PM | C9: EVT-0008 | D9: =IFERROR(HYPERLINK("#'Event Index'!A"&(MATCH($C9,'Event Index'!$A$5:$A$1000,0)+4),"↦"),"") | E9: Text | F9: Sent to Parent B | G9: Parent B | H9: Requested inhaler return | I9: "Emma came home without her inhaler — please send it." | J9: Yes | K9: Yes
D10: =IFERROR(HYPERLINK("#'Event Index'!A"&(MATCH($C10,'Event Index'!$A$5:$A$1000,0)+4),"↦"),"")
D11: =IFERROR(HYPERLINK("#'Event Index'!A"&(MATCH($C11,'Event Index'!$A$5:$A$1000,0)+4),"↦"),"")
D12: =IFERROR(HYPERLINK("#'Event Index'!A"&(MATCH($C12,'Event Index'!$A$5:$A$1000,0)+4),"↦"),"")
D13: =IFERROR(HYPERLINK("#'Event Index'!A"&(MATCH($C13,'Event Index'!$A$5:$A$1000,0)+4),"↦"),"")
D14: =IFERROR(HYPERLINK("#'Event Index'!A"&(MATCH($C14,'Event Index'!$A$5:$A$1000,0)+4),"↦"),"")
D15: =IFERROR(HYPERLINK("#'Event Index'!A"&(MATCH($C15,'Event Index'!$A$5:$A$1000,0)+4),"↦"),"")
D16: =IFERROR(HYPERLINK("#'Event Index'!A"&(MATCH($C16,'Event Index'!$A$5:$A$1000,0)+4),"↦"),"")
D17: =IFERROR(HYPERLINK("#'Event Index'!A"&(MATCH($C17,'Event Index'!$A$5:$A$1000,0)+4),"↦"),"")
D18: =IFERROR(HYPERLINK("#'Event Index'!A"&(MATCH($C18,'Event Index'!$A$5:$A$1000,0)+4),"↦"),"")
D19: =IFERROR(HYPERLINK("#'Event Index'!A"&(MATCH($C19,'Event Index'!$A$5:$A$1000,0)+4),"↦"),"")
D20: =IFERROR(HYPERLINK("#'Event Index'!A"&(MATCH($C20,'Event Index'!$A$5:$A$1000,0)+4),"↦"),"")
D21: =IFERROR(HYPERLINK("#'Event Index'!A"&(MATCH($C21,'Event Index'!$A$5:$A$1000,0)+4),"↦"),"")
... D120: =IFERROR(HYPERLINK("#'Event Index'!A"&(MATCH($C120,'Event Index'!$A$5:$A$1000,0)+4),"↦"),"")

Sheet Exchange Log
A1: Court Ready™ · Exchange Log
A2: One row per scheduled exchange or visitation. A pattern of late arrivals builds itself here.
A3: SAMPLE DATA — a lived-in example for reference. Your real workbook starts empty; delete these rows to begin.
A4: Date | B4: Event ID | C4: ↦ | D4: Scheduled | E4: Actual Outcome | F4: Deviation? | G4: Minutes Late | H4: Notes — facts only
A5: 2026-07-18 | B5: EVT-0001 | C5: =IFERROR(HYPERLINK("#'Event Index'!A"&(MATCH($B5,'Event Index'!$A$5:$A$1000,0)+4),"↦"),"") | D5: Exchange 5:00 PM, Parent A residence | E5: Completed 5:25 PM | F5: Yes | G5: 22 | H5: No prior notice of delay
A6: 2026-07-25 | B6: EVT-0004 | C6: =IFERROR(HYPERLINK("#'Event Index'!A"&(MATCH($B6,'Event Index'!$A$5:$A$1000,0)+4),"↦"),"") | D6: Exchange 5:00 PM, Parent A residence | E6: Completed 5:00 PM | F6: No | G6: 0 | H6: On time
A7: 2026-08-01 | B7: EVT-0005 | C7: =IFERROR(HYPERLINK("#'Event Index'!A"&(MATCH($B7,'Event Index'!$A$5:$A$1000,0)+4),"↦"),"") | D7: Exchange 5:00 PM, Parent A residence | E7: Completed 5:38 PM | F7: Yes | G7: 35 | H7: No notice; child upset; neighbor witnessed
A8: 2026-08-15 | B8: EVT-0009 | C8: =IFERROR(HYPERLINK("#'Event Index'!A"&(MATCH($B8,'Event Index'!$A$5:$A$1000,0)+4),"↦"),"") | D8: Exchange 5:00 PM, Parent A residence | E8: Completed 5:19 PM | F8: Yes | G8: 18 | H8: No prior notice
C9: =IFERROR(HYPERLINK("#'Event Index'!A"&(MATCH($B9,'Event Index'!$A$5:$A$1000,0)+4),"↦"),"")
C10: =IFERROR(HYPERLINK("#'Event Index'!A"&(MATCH($B10,'Event Index'!$A$5:$A$1000,0)+4),"↦"),"")
C11: =IFERROR(HYPERLINK("#'Event Index'!A"&(MATCH($B11,'Event Index'!$A$5:$A$1000,0)+4),"↦"),"")
C12: =IFERROR(HYPERLINK("#'Event Index'!A"&(MATCH($B12,'Event Index'!$A$5:$A$1000,0)+4),"↦"),"")
C13: =IFERROR(HYPERLINK("#'Event Index'!A"&(MATCH($B13,'Event Index'!$A$5:$A$1000,0)+4),"↦"),"")
C14: =IFERROR(HYPERLINK("#'Event Index'!A"&(MATCH($B14,'Event Index'!$A$5:$A$1000,0)+4),"↦"),"")
C15: =IFERROR(HYPERLINK("#'Event Index'!A"&(MATCH($B15,'Event Index'!$A$5:$A$1000,0)+4),"↦"),"")
C16: =IFERROR(HYPERLINK("#'Event Index'!A"&(MATCH($B16,'Event Index'!$A$5:$A$1000,0)+4),"↦"),"")
C17: =IFERROR(HYPERLINK("#'Event Index'!A"&(MATCH($B17,'Event Index'!$A$5:$A$1000,0)+4),"↦"),"")
C18: =IFERROR(HYPERLINK("#'Event Index'!A"&(MATCH($B18,'Event Index'!$A$5:$A$1000,0)+4),"↦"),"")
C19: =IFERROR(HYPERLINK("#'Event Index'!A"&(MATCH($B19,'Event Index'!$A$5:$A$1000,0)+4),"↦"),"")
C20: =IFERROR(HYPERLINK("#'Event Index'!A"&(MATCH($B20,'Event Index'!$A$5:$A$1000,0)+4),"↦"),"")
... C120: =IFERROR(HYPERLINK("#'Event Index'!A"&(MATCH($B120,'Event Index'!$A$5:$A$1000,0)+4),"↦"),"")

Sheet Medical
A1: Court Ready™ · Medical
A2: Appointments, prescriptions, injuries, provider contacts. Facts and instructions only.
A3: SAMPLE DATA — a lived-in example for reference. Your real workbook starts empty; delete these rows to begin.
A4: Date | B4: Event ID | C4: ↦ | D4: Child | E4: Provider | F4: Reason / Visit Type | G4: Outcome / Instructions | H4: Parent B Notified | I4: Follow-Up Needed | J4: Notes — facts only
A5: 2026-07-19 | B5: EVT-0002 | C5: =IFERROR(HYPERLINK("#'Event Index'!A"&(MATCH($B5,'Event Index'!$A$5:$A$1000,0)+4),"↦"),"") | D5: Emma | E5: Dr. Patel — Pediatrics | F5: Well-child visit | G5: Continue current care; next visit 6 mo. | H5: Yes | I5: No | J5: Co-pay $25 (logged on Expense tab)
A6: 2026-08-20 | B6: EVT-0010 | C6: =IFERROR(HYPERLINK("#'Event Index'!A"&(MATCH($B6,'Event Index'!$A$5:$A$1000,0)+4),"↦"),"") | D6: Emma | E6: Bright Smiles Orthodontics | F6: Orthodontist consultation (agreed) | G6: Consult booked September; cost split 50/50 | H6: Yes | I6: Yes | J6: Both parents agreed by phone
C7: =IFERROR(HYPERLINK("#'Event Index'!A"&(MATCH($B7,'Event Index'!$A$5:$A$1000,0)+4),"↦"),"")
C8: =IFERROR(HYPERLINK("#'Event Index'!A"&(MATCH($B8,'Event Index'!$A$5:$A$1000,0)+4),"↦"),"")
C9: =IFERROR(HYPERLINK("#'Event Index'!A"&(MATCH($B9,'Event Index'!$A$5:$A$1000,0)+4),"↦"),"")
C10: =IFERROR(HYPERLINK("#'Event Index'!A"&(MATCH($B10,'Event Index'!$A$5:$A$1000,0)+4),"↦"),"")
C11: =IFERROR(HYPERLINK("#'Event Index'!A"&(MATCH($B11,'Event Index'!$A$5:$A$1000,0)+4),"↦"),"")
C12: =IFERROR(HYPERLINK("#'Event Index'!A"&(MATCH($B12,'Event Index'!$A$5:$A$1000,0)+4),"↦"),"")
C13: =IFERROR(HYPERLINK("#'Event Index'!A"&(MATCH($B13,'Event Index'!$A$5:$A$1000,0)+4),"↦"),"")
C14: =IFERROR(HYPERLINK("#'Event Index'!A"&(MATCH($B14,'Event Index'!$A$5:$A$1000,0)+4),"↦"),"")
C15: =IFERROR(HYPERLINK("#'Event Index'!A"&(MATCH($B15,'Event Index'!$A$5:$A$1000,0)+4),"↦"),"")
C16: =IFERROR(HYPERLINK("#'Event Index'!A"&(MATCH($B16,'Event Index'!$A$5:$A$1000,0)+4),"↦"),"")
C17: =IFERROR(HYPERLINK("#'Event Index'!A"&(MATCH($B17,'Event Index'!$A$5:$A$1000,0)+4),"↦"),"")
C18: =IFERROR(HYPERLINK("#'Event Index'!A"&(MATCH($B18,'Event Index'!$A$5:$A$1000,0)+4),"↦"),"")
... C120: =IFERROR(HYPERLINK("#'Event Index'!A"&(MATCH($B120,'Event Index'!$A$5:$A$1000,0)+4),"↦"),"")

Sheet School
A1: Court Ready™ · School
A2: Conferences, report cards, attendance, teacher and counselor contacts.
A3: SAMPLE DATA — a lived-in example for reference. Your real workbook starts empty; delete these rows to begin.
A4: Date | B4: Event ID | C4: ↦ | D4: Child | E4: School / Contact | F4: Topic | G4: Outcome | H4: Parent B Notified | I4: Notes — facts only
A5: 2026-08-05 | B5: EVT-0006 | C5: =IFERROR(HYPERLINK("#'Event Index'!A"&(MATCH($B5,'Event Index'!$A$5:$A$1000,0)+4),"↦"),"") | D5: Emma | E5: Lincoln Elementary — Ms. Rivera | F5: Parent-teacher conference | G5: Reading above grade level | H5: Yes | I5: Both parents invited; Parent A attended
C6: =IFERROR(HYPERLINK("#'Event Index'!A"&(MATCH($B6,'Event Index'!$A$5:$A$1000,0)+4),"↦"),"")
C7: =IFERROR(HYPERLINK("#'Event Index'!A"&(MATCH($B7,'Event Index'!$A$5:$A$1000,0)+4),"↦"),"")
C8: =IFERROR(HYPERLINK("#'Event Index'!A"&(MATCH($B8,'Event Index'!$A$5:$A$1000,0)+4),"↦"),"")
C9: =IFERROR(HYPERLINK("#'Event Index'!A"&(MATCH($B9,'Event Index'!$A$5:$A$1000,0)+4),"↦"),"")
C10: =IFERROR(HYPERLINK("#'Event Index'!A"&(MATCH($B10,'Event Index'!$A$5:$A$1000,0)+4),"↦"),"")
C11: =IFERROR(HYPERLINK("#'Event Index'!A"&(MATCH($B11,'Event Index'!$A$5:$A$1000,0)+4),"↦"),"")
C12: =IFERROR(HYPERLINK("#'Event Index'!A"&(MATCH($B12,'Event Index'!$A$5:$A$1000,0)+4),"↦"),"")
C13: =IFERROR(HYPERLINK("#'Event Index'!A"&(MATCH($B13,'Event Index'!$A$5:$A$1000,0)+4),"↦"),"")
C14: =IFERROR(HYPERLINK("#'Event Index'!A"&(MATCH($B14,'Event Index'!$A$5:$A$1000,0)+4),"↦"),"")
C15: =IFERROR(HYPERLINK("#'Event Index'!A"&(MATCH($B15,'Event Index'!$A$5:$A$1000,0)+4),"↦"),"")
C16: =IFERROR(HYPERLINK("#'Event Index'!A"&(MATCH($B16,'Event Index'!$A$5:$A$1000,0)+4),"↦"),"")
C17: =IFERROR(HYPERLINK("#'Event Index'!A"&(MATCH($B17,'Event Index'!$A$5:$A$1000,0)+4),"↦"),"")
... C120: =IFERROR(HYPERLINK("#'Event Index'!A"&(MATCH($B120,'Event Index'!$A$5:$A$1000,0)+4),"↦"),"")

Sheet Expense
A1: Court Ready™ · Expense
A2: Child-related costs. The Amount column totals automatically on the Dashboard.
A3: SAMPLE DATA — a lived-in example for reference. Your real workbook starts empty; delete these rows to begin.
A4: Date | B4: Event ID | C4: ↦ | D4: Child | E4: Category | F4: Description | G4: Amount | H4: Paid By | I4: Reimbursement Status
A5: 2026-07-19 | B5: EVT-0002 | C5: =IFERROR(HYPERLINK("#'Event Index'!A"&(MATCH($B5,'Event Index'!$A$5:$A$1000,0)+4),"↦"),"") | D5: Emma | E5: Medical | F5: Co-pay, well-child visit | G5: 25 | H5: Parent A | I5: Pending
A6: 2026-08-08 | B6: EVT-0007 | C6: =IFERROR(HYPERLINK("#'Event Index'!A"&(MATCH($B6,'Event Index'!$A$5:$A$1000,0)+4),"↦"),"") | D6: Emma | E6: Activities | F6: Fall soccer registration | G6: 120 | H6: Parent A | I6: Pending
C7: =IFERROR(HYPERLINK("#'Event Index'!A"&(MATCH($B7,'Event Index'!$A$5:$A$1000,0)+4),"↦"),"")
C8: =IFERROR(HYPERLINK("#'Event Index'!A"&(MATCH($B8,'Event Index'!$A$5:$A$1000,0)+4),"↦"),"")
C9: =IFERROR(HYPERLINK("#'Event Index'!A"&(MATCH($B9,'Event Index'!$A$5:$A$1000,0)+4),"↦"),"")
C10: =IFERROR(HYPERLINK("#'Event Index'!A"&(MATCH($B10,'Event Index'!$A$5:$A$1000,0)+4),"↦"),"")
C11: =IFERROR(HYPERLINK("#'Event Index'!A"&(MATCH($B11,'Event Index'!$A$5:$A$1000,0)+4),"↦"),"")
C12: =IFERROR(HYPERLINK("#'Event Index'!A"&(MATCH($B12,'Event Index'!$A$5:$A$1000,0)+4),"↦"),"")
C13: =IFERROR(HYPERLINK("#'Event Index'!A"&(MATCH($B13,'Event Index'!$A$5:$A$1000,0)+4),"↦"),"")
C14: =IFERROR(HYPERLINK("#'Event Index'!A"&(MATCH($B14,'Event Index'!$A$5:$A$1000,0)+4),"↦"),"")
C15: =IFERROR(HYPERLINK("#'Event Index'!A"&(MATCH($B15,'Event Index'!$A$5:$A$1000,0)+4),"↦"),"")
C16: =IFERROR(HYPERLINK("#'Event Index'!A"&(MATCH($B16,'Event Index'!$A$5:$A$1000,0)+4),"↦"),"")
C17: =IFERROR(HYPERLINK("#'Event Index'!A"&(MATCH($B17,'Event Index'!$A$5:$A$1000,0)+4),"↦"),"")
C18: =IFERROR(HYPERLINK("#'Event Index'!A"&(MATCH($B18,'Event Index'!$A$5:$A$1000,0)+4),"↦"),"")
... C120: =IFERROR(HYPERLINK("#'Event Index'!A"&(MATCH($B120,'Event Index'!$A$5:$A$1000,0)+4),"↦"),"")

Sheet Witness
A1: Court Ready™ · Witness
A2: People who saw or heard events firsthand. Your attorney will ask for this list.
A3: SAMPLE DATA — a lived-in example for reference. Your real workbook starts empty; delete these rows to begin.
A4: Name | B4: Relationship | C4: Contact | D4: What They Witnessed — facts only | E4: Linked Event IDs | F4: Willing to Testify?
A5: Jane Neighbor | B5: Neighbor | C5: 555-0100 | D5: Observed the 2026-08-01 exchange and Parent B's late arrival from her driveway | E5: EVT-0005 | F5: Yes

Sheet Custody Schedule
A1: Court Ready™ · Custody Schedule
A2: Your baseline weekly pattern and order details. Everything the Exchange Log flags is measured against this.
A4: Day | B4: Custody | C4: Exchange Time | D4: Exchange Location
A5: Sunday | B5: Mine | C5: 5:00 PM | D5: Parent A residence
A6: Monday | B6: Mine | C6: 5:00 PM | D6: Parent A residence
A7: Tuesday | B7: Other Parent | C7: 5:00 PM | D7: Parent A residence
A8: Wednesday | B8: Other Parent | C8: 5:00 PM | D8: Parent A residence
A9: Thursday | B9: Mine | C9: 5:00 PM | D9: Parent A residence
A10: Friday | B10: Mine | C10: 5:00 PM | D10: Parent A residence
A11: Saturday | B11: Other Parent | C11: 5:00 PM | D11: Parent A residence
A13: ORDER / AGREEMENT
A14: Schedule source | B14: Court Order
A15: Order / agreement date | B15: 2026-01-15
A16: Default exchange time | B16: 5:00 PM
A17: Default exchange location | B17: Parent A residence
A19: The italic values are examples — replace with your own schedule.

Sheet Attorney Log
A1: Court Ready™ · Attorney Log
A2: PRIVILEGED — attorney-client communication. Keep this OUT of any exhibit binder you hand the court.
A3: ⚠ PRIVILEGED. This tab is for your eyes and your attorney only — never submit it as evidence.
A4: Date | B4: Type | C4: Subject | D4: Notes | E4: Follow-Up / Next Step | F4: Follow-Up By
A5: 2026-08-04 | B5: Email | C5: Late exchange pattern | D5: Sent attorney the exchange log showing 3 late arrivals in 3 weeks | E5: Attorney to advise on modification | F5: 2026-08-11

Sheet Lists & Setup
A1: Court Ready™ · Lists & Setup
A2: These feed the dropdowns on the other tabs. Edit only if your case needs different options.
A4: Event Types | B4: Best-Interests Factors | C4: Notification Methods
A5: Exchange | B5: ST — Stability & Routine | C5: Text
A6: Communication | B6: PI — Parental Involvement | C6: Email
A7: Medical | B7: HS — Health & Safety | C7: Phone Call
A8: School | B8: CC — Co-Parenting Conduct | C8: In Person
A9: Incident | B9: EW — Emotional Wellbeing | C9: Co-Parenting App
A10: Expense | B10: ED — Education
A11: Decision | B11: FS — Financial Support
A12: Other | B12: PF — Parental Fitness
A15: HOW THIS WORKBOOK WORKS
A16: • Type only in white cells. Grey headers and the Dashboard fill or stay fixed.
A17: • Every tab has one italic SAMPLE row — delete it when you enter real data.
A18: • Event Index is the spine. Specialized tabs (Medical, Expense, …) are for quick entry by category.
A19: • The ↦ column jumps you to that event's row on the Event Index. Type the Event ID and it lights up.
A20: • The Dashboard counts everything automatically — including factor coverage from Primary + Also Supports.
A22: Court Ready™ · Custody Documentation Intelligence System · Vejovis Intelligence Co.™ — organizational framework, not legal advice.
